,volumeNum,event_country,event_electionType,event_commentCount,price_volatility,price_range,final_week_momentum,price_fluctuations,market_duration_days,trading_frequency,buy_sell_ratio,trading_continuity,late_stage_participation,volume_acceleration,unique_traders_count,trader_to_trade_ratio,two_way_traders_ratio,trader_concentration,new_trader_influx,comment_per_vol,comment_per_trader
181,1452937.566,United States,Presidential,62.0,0.023793453,0.08,0.02,0.0,230.0,18.95217391,1.810444874,0.686956522,0.312686396,10.27398158,1542.0,2.826848249,0.146562905,1.310851113,0.322957198,4.27E-05,0.040207523
115,4005229.567,United States,Presidential,334.0,2.17e-16,0.0,0.0,0.0,242.0,37.66528926,1.111419968,0.520661157,0.026220516,0.906480683,2930.0,3.110921502,0.776109215,1.27964893,0.031740614,8.34E-05,0.113993174
90,5699934.327,United States,Presidential Detail,5184.0,2.17e-16,0.0,0.0,0.0,300.0,24.06333333,0.822059566,0.746666667,0.048898739,2.095660262,2736.0,2.638523392,0.342836257,1.229533176,0.053362573,0.000909484,1.894736842
278,537980.83,Latin America,Presidential,3288.0,1.284960931,0.029,-0.001,0.0,57.0,21.45614035,2.261333333,0.807017544,0.869991823,7.084219133,250.0,4.892,0.224,1.341782502,0.784,0.006111742,13.152
413,186047.6007,United States,Senate,8.0,0.557773351,0.002,0.0,0.0,206.0,6.873786408,1.240506329,0.325242718,0.105932203,3.117433414,595.0,2.379831933,0.425210084,1.26059322,0.228571429,4.30E-05,0.013445378
254,655170.59,United States,Vice Presidential,94.0,0.54229397,0.003,0.0,0.0,72.0,17.27777778,1.295202952,0.805555556,0.146302251,1.504823151,315.0,3.949206349,0.257142857,1.457395498,0.133333333,0.000143474,0.298412698
291,463429.8691,Ireland,Parliamentary,767.0,0.40551077,0.51,-0.42,3.0,16.0,248.875,1.618014464,1.375,0.776243094,1.774269929,752.0,5.295212766,0.215425532,1.437719739,0.501329787,0.001655051,1.019946809
76,6452293.01,United States,Vice Presidential,586.0,0.170871727,0.015,0.0,0.0,229.0,48.2489083,1.623842318,0.611353712,0.0,4.000694449,1256.0,8.796974522,0.227707006,1.577699339,0.0,9.08E-05,0.46656051
328,338125.0589,United States,Regional Election,29.0,0.73781264,0.003,0.0,0.0,180.0,7.083333333,1.433206107,0.461111111,0.072156863,1.855462185,436.0,2.924311927,0.516055046,1.375686275,0.098623853,8.58E-05,0.066513761
235,796279.0598,United States,Presidential,16.0,0.010935149,0.07,0.031998055,0.0,221.0,10.81900452,2.29338843,0.574660633,0.449184442,14.18139452,920.0,2.598913043,0.086956522,1.300292765,0.584782609,2.01E-05,0.017391304
4,153382275.6,United States,Presidential,209081.0,0.0,0.0,0.0,0.0,304.0,477.1743421,1.055620111,0.986842105,0.004880705,0.211962061,18963.0,7.649686231,0.780414491,1.505387389,0.013921848,0.001363137,11.02573432
157,2083783.35,United States,Presidential,134.0,0.121705892,0.105527546,-0.02,0.0,230.0,11.10434783,2.164807931,0.534782609,0.514487079,16.90457546,775.0,3.295483871,0.117419355,1.304228661,0.516129032,6.43E-05,0.172903226
318,387492.8,United States,Vice Presidential,94.0,2.18e-16,0.0,0.0,0.0,72.0,11.13888889,1.093994778,0.791666667,0.105985037,1.090131813,266.0,3.015037594,0.131578947,1.312967581,0.105263158,0.000242585,0.353383459
212,990768.2225,United States,Presidential,52.0,0.292045666,0.017,-0.004,0.0,221.0,11.68325792,3.151125402,0.466063348,0.631680868,19.94306739,1071.0,2.410830999,0.217553688,1.43958172,0.652661064,5.25E-05,0.048552754
271,580010.7385,United States,Senate,99.0,0.01631942,0.101592546,0.048989906,0.0,206.0,11.31553398,2.075197889,0.490291262,0.489489489,14.4049764,854.0,2.729508197,0.06557377,1.281853282,0.446135831,0.000170686,0.115925059
355,279362.3936,United States,Presidential Detail,128.0,0.084001741,0.06,-0.03,0.0,111.0,17.72972973,1.299065421,1.117117117,0.666158537,10.56337108,477.0,4.125786164,0.13836478,1.360264228,0.597484277,0.000458186,0.268343816
462,137462.77,United Kingdom,Prime Minister,6.0,2.27e-16,0.0,0.0,0.0,215.0,23.0,1.430203917,0.611111111,0.226215645,4.000694449,153.0,2.575163399,0.379084967,1.223350254,0.032679739,4.36E-05,0.039215686
424,174887.74,Latin America,Presidential,141.0,0.0447736,0.02,0.0,0.0,66.0,9.272727273,2.12244898,1.060606061,0.85130719,8.026610644,140.0,4.371428571,0.207142857,1.259803922,0.8,0.000806231,1.007142857
370,243030.2295,United States,Senate,14.0,0.476266805,0.028988638,-0.016141922,0.0,206.0,1.388349515,2.213483146,0.286407767,0.153846154,4.527472527,111.0,2.576576577,0.09009009,1.174825175,0.135135135,5.76E-05,0.126126126
201,1065194.38,United States,Presidential,52.0,0.781066522,0.007,0.002,0.0,221.0,23.5158371,1.284395604,0.461538462,0.135270348,4.270678138,1701.0,3.055261611,0.654320988,1.284972099,0.163433275,4.88E-05,0.030570253
407,191595.37,Eastern Europe,Presidential,94.0,0.017232059,0.067999999,0.040999985,0.0,8.0,225.875,2.1208981,3.125,0.961815163,1.099217329,814.0,2.21990172,0.083538084,1.260099613,0.934889435,0.000490617,0.115479115
326,350274.03,United Kingdom,Parliamentary,2.0,0.170871727,0.015,0.0,0.0,272.0,7.345588235,1.336842105,0.216911765,0.0,4.000694449,658.0,3.036474164,0.300911854,1.274774775,0.0,5.71E-06,0.003039514
396,205722.0593,United States,Presidential,5.0,0.223542963,0.006,0.001,0.0,221.0,9.773755656,1.093023256,0.303167421,0.523611111,16.53115079,419.0,5.155131265,0.673031026,1.591666667,0.071599045,2.43E-05,0.011933174
461,137596.2196,United States,Presidential Detail,980.0,0.170871727,0.015,0.0,0.0,24.0,47.33333333,1.605504587,0.458333333,0.0,4.000694449,471.0,2.411889597,0.13163482,1.163732394,0.0,0.007122289,2.080679406
476,122905.9784,United States,Presidential,3.0,0.853194688,0.004,-0.004,0.0,221.0,3.914027149,1.331536388,0.325791855,0.034682081,1.094962841,333.0,2.597597598,0.657657658,1.215028902,0.051051051,2.44E-05,0.009009009
161,1829308.961,United States,Presidential,134.0,0.023416707,0.19,0.04,0.0,230.0,21.94347826,1.836987071,0.604347826,0.533584308,17.53205582,1663.0,3.034876729,0.110643416,1.331880325,0.591701744,7.33E-05,0.08057727
344,301480.8503,Ireland,Prime Minister,90.0,0.818209671,0.062,-0.001000001,0.0,16.0,117.625,2.211604096,4.5,0.907013815,2.073174434,537.0,3.504655493,0.236499069,1.558448459,0.832402235,0.000298526,0.167597765
222,896320.9858,United States,Presidential,27.0,0.001344924,0.006,-0.00099997,0.0,221.0,44.34841629,1.029192547,0.778280543,0.018569534,0.586266707,2215.0,4.4248307,0.193679458,1.431282522,0.031602709,3.01E-05,0.012189616
319,386592.7171,United States,Presidential,12.0,0.004215352,0.021997778,0.004000838,0.0,221.0,21.27149321,1.173370319,0.601809955,0.115081897,3.633299906,1562.0,3.009603073,0.35915493,1.175494576,0.196542894,3.10E-05,0.007682458
25,28301064.52,Germany,Parliamentary,3252.0,2.17e-16,0.0,0.0,0.0,68.0,317.7941176,1.357626009,1.044117647,0.012771865,0.124069545,5715.0,3.78127734,0.724584427,1.431837112,0.020472441,0.000114907,0.569028871
47,14192736.35,United States,Presidential,209081.0,2.17e-16,0.0,0.0,0.0,303.0,19.04290429,0.792482137,0.673267327,0.097920277,4.238549146,2114.0,2.729422895,0.075685904,1.310918544,0.124881741,0.01473155,98.90302744
149,2340581.431,Brazil,Regional Election,429.0,0.48150295,0.005,0.001,0.0,37.0,71.0,1.616533865,1.027027027,0.457175485,2.416498994,634.0,4.143533123,0.216088328,1.537114579,0.597791798,0.000183288,0.676656151
146,2480260.242,United States,Presidential,3.0,0.53618315,0.002,-0.001,0.0,208.0,7.860576923,1.069620253,0.322115385,0.726605505,21.59056356,265.0,6.169811321,0.539622642,1.349235474,0.264150943,1.21E-06,0.011320755
294,452437.24,United Kingdom,Parliamentary,2.0,0.170871727,0.015,0.0,0.0,272.0,1.941176471,1.163934426,0.154411765,0.0,4.000694449,196.0,2.693877551,0.341836735,1.227272727,0.0,4.42E-06,0.010204082
197,1132009.024,United States,Presidential,2.0,0.229547035,0.004,0.0,0.0,221.0,13.95475113,1.156643357,0.316742081,0.469844358,14.83365759,448.0,6.883928571,0.386160714,1.489299611,0.513392857,1.77E-06,0.004464286
415,185284.93,United Kingdom,Parliamentary,10.0,0.312116663,0.055,-0.024270662,0.0,215.0,23.0,1.430203917,0.611111111,0.226215645,4.000694449,93.0,3.279569892,0.075268817,1.147540984,0.698924731,5.40E-05,0.107526882
350,287953.5516,United States,Presidential,1.0,0.006471899,0.027,0.002,0.0,221.0,5.895927602,1.281961471,0.561085973,0.123561013,3.900997698,539.0,2.417439703,0.055658627,1.270913277,0.165120594,3.47E-06,0.001855288
0,1531479285.0,United States,Presidential,209081.0,0.170871727,0.015,0.0,0.0,305.0,1865.57377,1.10996387,0.921311475,0.0,4.000694449,62065.0,9.167807943,0.409119472,1.48197188,0.0,0.000136522,3.368742447
376,229590.36,Other Countries,Presidential,6.0,0.012584467,0.04,-0.02,0.0,7.0,56.71428571,2.892156863,3.714285714,0.982367758,0.982367758,103.0,3.854368932,0.106796117,1.355163728,0.941747573,2.61E-05,0.058252427
442,153723.2502,United States,Presidential,5.0,0.004389018,0.013999215,0.004999215,0.0,221.0,2.787330317,1.223826715,0.43438914,0.214285714,6.765306122,235.0,2.621276596,0.085106383,1.230519481,0.263829787,3.25E-05,0.021276596
352,283661.747,United States,Regional Election,29.0,0.006749428,0.03,-0.009999972,0.0,180.0,12.6,1.335736354,0.611111111,0.32010582,8.231292517,680.0,3.335294118,0.548529412,1.19047619,0.154411765,0.000102234,0.042647059
402,197831.8942,United States,Regional Election,0.0,1.36e-07,4.03e-09,4.03e-09,0.0,180.0,1.233333333,1.336842105,0.311111111,0.009009009,0.231660232,87.0,2.551724138,0.287356322,1.315315315,0.022988506,0,0
163,1809553.58,Other Countries,Presidential,201.0,0.078074356,0.644208045,0.05,2.0,78.0,20.12820513,2.398268398,1.012820513,0.405095541,4.513921747,394.0,3.984771574,0.144670051,1.363057325,0.368020305,0.000111077,0.510152284
81,6074886.86,United States,Presidential Primary,20.0,0.00178194,0.008,0.006,0.0,181.0,50.67403315,1.110932106,0.906077348,0.142171827,3.676157249,1716.0,5.344988345,0.177738928,1.417684256,0.198135198,3.29E-06,0.011655012
325,360312.0128,Latin America,Presidential,179.0,0.051614624,0.259999857,-0.001269976,0.0,15.0,325.6,1.795649685,3.466666667,0.966625717,2.071340821,2217.0,2.202976996,0.085250338,1.281941032,0.954442941,0.000496792,0.080739738
185,1368718.86,Brazil,Regional Election,429.0,0.420985509,0.004,0.001,0.0,37.0,66.59459459,1.511722732,1.027027027,0.596996753,3.155554267,663.0,3.716440422,0.285067873,1.441152597,0.672699849,0.000313432,0.647058824
295,451533.35,United States,Vice Presidential,94.0,0.103689044,0.001,0.0,0.0,72.0,14.68055556,1.348888889,0.791666667,0.086092715,0.885525071,303.0,3.488448845,0.181518152,1.387890255,0.099009901,0.00020818,0.310231023
498,106697.5536,United States,Senate,4.0,0.512886006,0.002000001,0.0,0.0,206.0,1.932038835,2.085271318,0.334951456,0.364321608,10.72146447,203.0,1.960591133,0.295566502,1.288944724,0.428571429,3.75E-05,0.019704433
186,1356952.12,Other Countries,Presidential,201.0,0.243111202,0.25,-2.48e-10,0.0,45.0,16.0,10.42857143,0.977777778,0.494444444,3.178571429,235.0,3.063829787,0.012765957,1.315277778,0.459574468,0.000148126,0.855319149
499,105948.9794,United States,Presidential,4.0,0.003936469,0.011999999,0.003000018,0.0,221.0,3.868778281,1.203608247,0.470588235,0.12748538,4.024895572,205.0,4.170731707,0.07804878,1.451461988,0.273170732,3.78E-05,0.019512195
104,4881266.8,United States,Vice Presidential,586.0,0.170871727,0.015,0.0,0.0,230.0,41.86521739,1.633752735,0.730434783,0.0,4.000694449,1269.0,7.58786446,0.260835303,1.689895109,0.0,0.000120051,0.46178093
147,2452285.427,Eastern Europe,Presidential,147.0,0.257477997,0.003999994,-0.001,0.0,39.0,141.8205128,1.586997194,1.358974359,0.838184777,4.669886613,1298.0,4.261171032,0.581664099,1.366118243,0.795069337,5.99E-05,0.113251156
8,107529158.1,United States,Presidential,209081.0,2.17e-16,0.0,0.0,0.0,305.0,414.6262295,1.01653591,0.924590164,0.00756755,0.329728985,15736.0,8.03641332,0.850470259,1.486323847,0.020335536,0.001944412,13.28679461
420,179627.1555,United States,Presidential,10.0,0.936946594,0.006,0.0,0.0,221.0,8.823529412,1.135815991,0.366515837,0.062564103,1.975238095,589.0,3.310696095,0.750424448,1.240512821,0.067911715,5.57E-05,0.016977929
27,24501103.38,United States,Balance of Power,512.0,0.452370727,0.004,-0.001,0.0,194.0,272.1958763,1.098223865,0.943298969,0.142635307,3.95303564,10630.0,4.967638758,0.870272813,1.449267129,0.095390405,2.09E-05,0.048165569
223,892763.5491,United States,Senate,62.0,0.131652944,0.31,0.0,30.0,215.0,15.07906977,2.117307692,0.693023256,0.264959901,8.138054111,1036.0,3.129343629,0.164092664,1.362430598,0.202702703,6.94E-05,0.05984556
170,1668816.267,United States,Presidential,35.0,0.810585758,0.005988803,0.002,0.0,221.0,32.47963801,1.133769322,0.479638009,0.049317359,1.557019464,1925.0,3.728831169,0.682077922,1.273195876,0.057662338,2.10E-05,0.018181818
117,3760323.9,United States,Vice Presidential,586.0,0.170871727,0.015,0.0,0.0,230.0,30.23478261,1.854679803,0.526086957,0.0,4.000694449,328.0,21.20121951,0.225609756,1.797814208,0.0,0.000155838,1.786585366
386,218302.3723,United States,Presidential,9.0,0.003490597,0.010999943,0.009999341,0.0,221.0,7.221719457,1.072727273,0.56561086,0.040726817,1.285803795,345.0,4.626086957,0.208695652,1.416666667,0.095652174,4.12E-05,0.026086957
241,732127.749,Brazil,Regional Election,429.0,0.15389105,0.398236209,-0.199999512,33.0,37.0,185.8378378,1.788321168,1.594594595,0.858347877,4.536981634,2533.0,2.714567706,0.123174102,1.339005236,0.894591394,0.000585963,0.16936439
457,140006.88,United States,Vice Presidential,94.0,0.266514839,0.629,0.439,6.0,72.0,12.38888889,3.168224299,0.833333333,0.252242152,2.594490711,143.0,6.237762238,0.125874126,1.402466368,0.237762238,0.000671396,0.657342657
470,133122.4972,United States,Regional Election,19.0,0.316170571,0.17,0.004300459,0.0,136.0,3.669117647,2.099378882,0.610294118,0.29258517,5.684511881,186.0,2.682795699,0.112903226,1.286573146,0.338709677,0.000142726,0.102150538
83,6000187.622,United States,Presidential Detail,5184.0,2.18e-16,0.0,0.0,0.0,300.0,22.68,0.81682243,0.713333333,0.038359788,1.64399093,2421.0,2.810408922,0.347377117,1.249118166,0.051218505,0.000863973,2.141263941
406,194057.8092,United States,Presidential,10.0,0.00587146,0.031,0.011,0.0,221.0,2.79638009,1.663793103,0.393665158,0.325242718,10.26837725,261.0,2.367816092,0.103448276,1.220064725,0.425287356,5.15E-05,0.038314176
329,330794.5854,United States,Presidential,3.0,0.005357053,0.121,0.00555814,0.0,221.0,20.24886878,1.216443784,0.443438914,0.706592179,22.3081245,1004.0,4.457171315,0.316733068,1.248044693,0.675298805,9.07E-06,0.002988048
23,35232789.17,United States,Presidential Detail,5184.0,4.35e-16,0.0,0.0,0.0,299.0,242.9799331,1.20991635,0.769230769,0.005560832,0.237526964,13476.0,5.391139804,0.870213713,1.498189977,0.008830514,0.000147136,0.384683882
119,3619916.78,United States,Vice Presidential,586.0,0.170871727,0.015,0.0,0.0,222.0,33.55405405,1.848565966,0.572072072,0.0,4.000694449,634.0,11.74921136,0.222397476,1.712310377,0.0,0.000161882,0.924290221
289,478355.6786,Eastern Europe,Parliamentary,1195.0,0.373740418,0.136999998,-0.011,0.0,18.0,433.1111111,1.740246046,1.222222222,0.968445357,2.49028806,317.0,24.59305994,0.233438486,1.79515136,0.8170347,0.002498141,3.769716088
19,37514692.52,United States,Presidential Primary,3104.0,0.170871727,0.015,0.0,0.0,218.0,112.7431193,1.292296213,0.825688073,0.0,4.000694449,3781.0,6.50039672,0.564400952,1.545447148,0.0,8.27E-05,0.820946839
471,132572.79,United Kingdom,Prime Minister,6.0,0.527141901,0.006,-0.005999986,0.0,215.0,23.0,1.430203917,0.611111111,0.226215645,4.000694449,179.0,2.642458101,0.234636872,1.247357294,0.111731844,4.53E-05,0.033519553
84,5995367.781,United States,Presidential Detail,128.0,0.241637404,0.013,0.0,0.0,111.0,47.36936937,1.008403361,1.162162162,0.488208444,7.741591045,1491.0,3.526492287,0.539906103,1.246481552,0.287055667,2.13E-05,0.085848424
439,155019.6488,Ireland,Prime Minister,90.0,0.315563941,0.005000002,0.0,0.0,16.0,114.25,2.18466899,4.5625,0.905908096,2.070647077,607.0,3.011532125,0.304777595,1.511487965,0.871499176,0.000580572,0.148270181
265,613378.1304,United States,Senate,732.0,0.552206293,0.005,-0.005,0.0,215.0,13.8,1.220808383,0.497674419,0.235254466,7.225672878,1085.0,2.734562212,0.526267281,1.165149983,0.201843318,0.001193391,0.674654378
397,204562.31,United Kingdom,Prime Minister,6.0,0.0,0.0,0.0,0.0,215.0,23.0,1.430203917,0.611111111,0.226215645,4.000694449,263.0,2.585551331,0.707224335,1.229411765,0.007604563,2.93E-05,0.022813688
385,221233.4,Other Countries,Presidential,6.0,0.083412733,0.06,-0.03,0.0,8.0,36.625,2.150537634,2.875,0.979522184,1.119453925,47.0,6.234042553,0.234042553,0.993174061,0.893617021,2.71E-05,0.127659574
447,148519.2615,United States,Presidential,3.0,0.521931251,0.138747428,0.11,0.0,208.0,1.254807692,2.034883721,0.274038462,0.333333333,9.904761905,89.0,2.93258427,0.191011236,1.0,0.235955056,2.02E-05,0.033707865
108,4610012.908,United States,Presidential,112.0,0.142985826,0.07,-0.017999998,0.0,230.0,11.75652174,2.924528302,0.62173913,0.454881657,14.94611158,888.0,3.045045045,0.088963964,1.384985207,0.528153153,2.43E-05,0.126126126
266,601293.0453,Eastern Europe,Presidential,147.0,0.012472392,0.06,-1.77e-10,0.0,39.0,229.4615385,1.618197776,1.41025641,0.717063359,3.995067286,3577.0,2.501817165,0.124685491,1.290758744,0.666200727,0.000244473,0.04109589
336,312748.6939,United States,Senate,9.0,0.088234569,0.04,0.01,0.0,215.0,2.562790698,2.625,0.418604651,0.179673321,5.518537724,172.0,3.203488372,0.104651163,1.2323049,0.220930233,2.88E-05,0.052325581
154,2179516.323,United States,Presidential,1.0,1.015887728,0.008,0.007,0.0,221.0,9.791855204,1.210418795,0.380090498,0.03142329,0.992078162,562.0,3.850533808,0.457295374,1.437615527,0.049822064,4.59E-07,0.001779359
143,2551038.036,Germany,Parliamentary,219.0,0.316164822,0.001,-0.001,0.0,66.0,78.18181818,1.577422577,1.015151515,0.015503876,0.146179402,1158.0,4.455958549,0.624352332,1.535658915,0.015544041,8.58E-05,0.189119171
316,390530.0149,United States,Other Election,1121.0,0.170871727,0.015,0.0,0.0,144.0,22.64583333,1.062618596,0.493055556,0.0,4.000694449,761.0,4.285151117,0.185282523,1.107022386,0.0,0.002870458,1.473061761
234,800209.342,Eastern Europe,Presidential,137.0,0.817118504,0.014,0.0,0.0,44.0,186.3863636,10.9548105,1.045454545,0.159736617,1.004058738,6627.0,1.237513204,0.036517278,1.272649677,0.106684774,0.000171205,0.020673004
82,6008855.24,United States,Vice Presidential,586.0,0.170871727,0.015,0.0,0.0,230.0,32.29130435,1.749722325,0.591304348,0.0,4.000694449,756.0,9.824074074,0.62962963,1.759795341,0.0,9.75E-05,0.775132275
359,271261.2375,United States,Presidential,4.0,0.472531239,0.020635008,-0.002,0.0,221.0,2.972850679,1.305263158,0.402714932,0.181126332,5.718417047,266.0,2.469924812,0.458646617,1.299847793,0.218045113,1.47E-05,0.015037594
125,3346195.06,United States,Vice Presidential,586.0,0.170871727,0.015,0.0,0.0,230.0,14.63478261,1.021621622,0.547826087,0.0,4.000694449,709.0,4.747531735,0.555712271,1.54040404,0.0,0.000175124,0.82651622
260,641848.95,United States,Presidential Primary,84.0,0.769800359,0.004,-0.004,0.0,472.0,0.707627119,2.180952381,0.300847458,0.011976048,0.807527802,169.0,1.976331361,0.082840237,1.152694611,0.023668639,0.000130872,0.49704142
244,703793.1356,Eastern Europe,Presidential,137.0,0.492737423,0.004,-8.31e-10,0.0,44.0,177.5909091,7.493478261,1.045454545,0.121576657,0.764196131,5830.0,1.340308748,0.056946827,1.320322498,0.073413379,0.000194659,0.023499142
54,11132803.61,United States,Balance of Power,512.0,0.103513711,0.15,-0.089999892,0.0,194.0,310.2268041,1.430203917,1.005154639,0.553436129,15.33808701,17919.0,3.358669569,0.232434846,1.351405689,0.505664379,4.60E-05,0.028573023
405,194910.8571,United States,Presidential Detail,128.0,0.100079177,0.11,-0.04,0.0,111.0,11.69369369,1.120915033,1.126126126,0.503081664,7.977437816,316.0,4.107594937,0.132911392,1.346687211,0.506329114,0.00065671,0.405063291
172,1568671.67,United States,Presidential Primary,56.0,0.170871727,0.015,0.0,0.0,31.0,149.2258065,1.366240409,0.548387097,0.0,4.000694449,1279.0,3.616888194,0.23612197,1.23951578,0.0,3.57E-05,0.043784206
116,3805135.7,United States,Vice Presidential,586.0,0.170871727,0.015,0.0,0.0,222.0,26.23873874,2.046548117,0.518018018,0.0,4.000694449,318.0,18.31761006,0.342767296,1.806351931,0.0,0.000154002,1.842767296
215,949548.8993,United States,Presidential,19.0,0.254616515,0.1,-0.040000063,0.0,221.0,5.171945701,1.8575,0.520361991,0.441819773,13.94888139,395.0,2.893670886,0.121518987,1.203849519,0.389873418,2.00E-05,0.048101266
472,130949.8095,United States,Presidential Detail,980.0,0.170871727,0.015,0.0,0.0,24.0,78.91666667,1.83958021,0.458333333,0.0,4.000694449,874.0,2.167048055,0.09382151,1.203801478,0.0,0.007483783,1.121281465
188,1265942.887,Eastern Europe,Presidential,147.0,0.323140692,0.007,0.004,0.0,39.0,78.05128205,1.882575758,1.41025641,0.703350854,3.918669044,999.0,3.047047047,0.256256256,1.50065703,0.732732733,0.000116119,0.147147147
421,177517.85,United Kingdom,Prime Minister,6.0,0.279147365,0.011,0.004217786,0.0,215.0,23.0,1.430203917,0.611111111,0.226215645,4.000694449,283.0,2.091872792,0.045936396,1.273648649,0.070671378,3.38E-05,0.021201413
72,6674832.41,United States,Vice Presidential,586.0,0.170871727,0.015,0.0,0.0,230.0,32.57391304,1.838954149,0.695652174,0.0,4.000694449,928.0,8.073275862,0.155172414,1.676588361,0.0,8.78E-05,0.631465517
193,1212360.592,United States,Senate,99.0,0.992847554,0.014,-0.001,0.0,206.0,13.98058252,1.24824356,0.417475728,0.097569444,2.871329365,1016.0,2.834645669,0.585629921,1.227430556,0.084645669,8.17E-05,0.097440945
378,227754.11,United Kingdom,Parliamentary,2.0,0.170871727,0.015,0.0,0.0,272.0,1.448529412,1.213483146,0.150735294,0.0,4.000694449,149.0,2.644295302,0.147651007,1.195431472,0.0,8.78E-06,0.013422819
311,399476.8776,Eastern Europe,Presidential,147.0,0.216463907,0.06,-0.023491732,0.0,39.0,64.8974359,2.38368984,1.384615385,0.719083366,4.006321612,642.0,3.942367601,0.133956386,1.585934413,0.661993769,0.000367981,0.228971963
41,16590051.98,United States,Presidential Primary,3104.0,0.170871727,0.015,0.0,0.0,218.0,35.90366972,0.953819271,0.564220183,0.0,4.000694449,1926.0,4.063862928,0.533229491,1.456113453,0.0,0.0001871,1.611630322
273,573122.72,Latin America,Presidential,141.0,0.022394844,0.079999998,0.030000194,0.0,143.0,11.22377622,2.34375,0.72027972,0.748286604,15.28642635,305.0,5.262295082,0.209836066,1.444859813,0.678688525,0.000246021,0.462295082
169,1734378.79,Latin America,Presidential,3288.0,0.269834326,0.32,-0.02,0.0,215.0,23.0,1.430203917,0.611111111,0.226215645,4.000694449,1002.0,5.011976048,0.251497006,1.28355237,0.868263473,0.00189578,3.281437126
85,5973401.632,United States,Presidential,236.0,0.115844151,0.2,0.060019441,0.0,242.0,30.11157025,1.993837305,0.657024793,0.409633594,14.16161854,2301.0,3.166883963,0.120382442,1.381775765,0.421555845,3.95E-05,0.102564103
79,6217811.572,United States,Presidential Detail,5184.0,2.17e-16,0.0,0.0,0.0,300.0,21.19333333,0.798585573,0.673333333,0.040893363,1.752572687,2355.0,2.699787686,0.352016985,1.220037748,0.051380042,0.000833734,2.201273885
118,3741373.574,United States,Presidential,109.0,0.390061996,0.047234167,-0.026999999,0.0,221.0,16.04977376,2.201263538,0.624434389,0.467437271,14.75766241,1298.0,2.732665639,0.145608629,1.468564984,0.508474576,2.91E-05,0.083975347
211,992452.2278,United States,Regional Election,19.0,0.330815194,0.001,0.001,0.0,136.0,14.66911765,1.073804574,0.470588235,0.794486216,15.43573219,303.0,6.584158416,0.498349835,1.440601504,0.438943894,1.91E-05,0.062706271
194,1183011.84,United States,Presidential Primary,56.0,0.170871727,0.015,0.0,0.0,31.0,16.51612903,0.802816901,0.451612903,0.0,4.000694449,141.0,3.631205674,0.042553191,0.87109375,0.0,4.73E-05,0.397163121
88,5770423.69,United States,Presidential Primary,84.0,0.652260147,0.019,-0.004340491,0.0,941.0,4.888416578,1.231926249,0.523910733,0.008043478,1.081273292,998.0,4.609218437,0.26753507,1.480869565,0.027054108,1.46E-05,0.084168337
238,771893.0958,Brazil,Regional Election,429.0,0.167153591,0.19,0.130000008,0.0,37.0,86.81081081,2.318181818,1.594594595,0.71388543,3.773394414,696.0,4.614942529,0.189655172,1.545765878,0.78591954,0.000555776,0.61637931
114,4017509.788,United States,Presidential,112.0,0.009375285,0.05,0.010000043,0.0,230.0,35.83913043,1.844375431,0.713043478,0.365279631,12.00204503,2933.0,2.810433004,0.127173542,1.308989446,0.401977497,2.79E-05,0.038186158
375,231999.0759,Brazil,Regional Election,21.0,0.871152224,0.009,-0.007,0.0,3.0,23.0,2.136363636,1.333333333,1.0,1.0,32.0,2.15625,0.03125,0.869565217,1.0,9.05E-05,0.65625
423,176795.4,United Kingdom,Prime Minister,6.0,0.0,0.0,0.0,0.0,215.0,23.0,1.430203917,0.611111111,0.226215645,4.000694449,242.0,2.512396694,0.747933884,1.200657895,0.012396694,3.39E-05,0.024793388
331,327443.9407,Ireland,Prime Minister,90.0,0.289755258,0.004,-0.001,0.0,16.0,127.8125,1.998533724,4.5,0.911491443,2.083409012,707.0,2.892503536,0.217821782,1.457701711,0.881188119,0.000274856,0.127298444
269,589866.33,United States,Presidential Primary,56.0,0.170871727,0.015,0.0,0.0,31.0,21.93548387,1.105263158,0.548387097,0.0,4.000694449,142.0,4.788732394,0.471830986,1.194117647,0.0,9.49E-05,0.394366197
263,621186.1604,United States,Senate,43.0,0.020588379,0.07,0.0,0.0,215.0,9.358139535,1.798331015,0.651162791,0.157057654,4.823913661,639.0,3.148669797,0.176838811,1.295228628,0.107981221,6.92E-05,0.067292645
333,320851.2226,United States,Senate,36.0,0.690682125,0.003,0.0,0.0,215.0,11.85116279,1.181506849,0.446511628,0.077315542,2.374691635,996.0,2.558232932,0.579317269,1.274725275,0.142570281,0.000112202,0.036144578
166,1748824.26,United States,Vice Presidential,586.0,0.170871727,0.015,0.0,0.0,222.0,12.75225225,1.529937444,0.432432432,0.0,4.000694449,808.0,3.503712871,0.684405941,1.428470505,0.0,0.000335082,0.725247525
164,1808562.113,United States,Presidential,5.0,0.174288433,0.004,0.0,0.0,221.0,37.85972851,1.048225214,0.393665158,0.887653878,28.02450102,780.0,10.72692308,0.348717949,1.19923509,0.575641026,2.76E-06,0.006410256
6,119932620.8,United States,Presidential Detail,5184.0,0.170871727,0.186999985,-0.154979254,0.0,300.0,680.7533333,1.22696443,0.97,0.279851733,11.9936457,30908.0,6.607544972,0.33890902,1.61710556,0.389607869,4.32E-05,0.167723567
18,39315353.33,United States,Presidential Detail,5184.0,2.17e-16,0.0,0.0,0.0,300.0,81.81,0.768227666,0.756666667,0.022368904,0.958667295,5027.0,4.882235926,0.46707778,1.464001956,0.036602347,0.000131857,1.031231351
92,5552055.578,United States,Presidential,226.0,0.024316546,0.1,0.05,0.0,243.0,42.58436214,1.734672304,0.732510288,0.554793197,19.25924954,4052.0,2.553800592,0.121668312,1.286722072,0.545409674,4.07E-05,0.055774926
314,394971.3014,United States,Senate,55.0,0.059739139,0.18,0.100000156,0.0,215.0,9.08372093,1.590185676,0.553488372,0.452124936,13.88669446,598.0,3.265886288,0.137123746,1.3031234,0.244147157,0.000139251,0.091973244
496,109674.7517,United States,Presidential,7.0,0.067760471,0.14,-0.07,0.0,46.0,5.02173913,1.717647059,0.869565217,0.220779221,1.450834879,89.0,2.595505618,0.247191011,1.025974026,0.134831461,6.38E-05,0.078651685
245,691094.1474,Eastern Europe,Parliamentary,1195.0,0.404559236,0.655999993,0.037,2.0,18.0,547.3333333,1.57299556,1.277777778,0.986398701,2.536453802,482.0,20.43983402,0.251037344,1.719447828,0.908713693,0.001729142,2.479253112
434,160783.8335,United States,Presidential Detail,980.0,0.170871727,0.015,0.0,0.0,24.0,56.75,1.467391304,0.458333333,0.0,4.000694449,623.0,2.186195827,0.107544141,1.121145374,0.0,0.00609514,1.573033708
239,771652.86,United States,Presidential Primary,20.0,0.457496756,0.003,-0.001,0.0,181.0,7.35359116,1.393884892,0.491712707,0.501878287,12.97713856,395.0,3.369620253,0.402531646,1.384673178,0.448101266,2.59E-05,0.050632911
61,9322470.306,United States,Balance of Power,512.0,0.110895957,0.07,-0.019999987,0.0,194.0,98.41752577,1.637518994,0.912371134,0.600691353,16.64773178,2133.0,8.951242382,0.451945617,1.671188394,0.604781997,5.49E-05,0.240037506
348,295470.71,United Kingdom,Prime Minister,6.0,0.007270031,0.024031424,0.024,0.0,215.0,23.0,1.430203917,0.611111111,0.226215645,4.000694449,793.0,2.51702396,0.129886507,1.265531062,0.087011349,2.03E-05,0.007566204
313,395425.4734,United States,Presidential Detail,128.0,0.331663371,0.008,-0.006,0.0,111.0,40.35135135,0.995100223,1.198198198,0.138200491,2.191464932,1621.0,2.763109192,0.760641579,1.270819379,0.086983344,0.000323702,0.078963603
80,6181381.804,United States,Presidential,422.0,0.055699656,0.158154474,-0.060000148,0.0,242.0,38.01239669,1.690552793,0.826446281,0.606044135,20.95181153,3337.0,2.756667666,0.111477375,1.314816828,0.534611927,6.83E-05,0.126460893
111,4356530.86,United States,Vice Presidential,586.0,0.170871727,0.015,0.0,0.0,230.0,29.96521739,1.856195607,0.734782609,0.0,4.000694449,486.0,14.18106996,0.405349794,1.758850842,0.0,0.000134511,1.205761317
483,116528.8614,United States,Presidential,4.0,0.0013856,0.017999998,0.004,0.0,221.0,5.995475113,1.241962775,0.438914027,0.389433962,12.29498652,505.0,2.623762376,0.102970297,1.245283019,0.499009901,3.43E-05,0.007920792
494,110153.4,Other Countries,Parliamentary,6.0,0.230452222,0.09,-0.05,0.0,12.0,27.58333333,2.597826087,1.25,0.824773414,1.413897281,86.0,3.848837209,0.058139535,1.063444109,0.755813953,5.45E-05,0.069767442
262,621404.8387,United States,Presidential Detail,128.0,0.080909118,0.015,-0.002,0.0,111.0,68.32432432,1.013807754,1.189189189,0.233517932,3.702927215,1609.0,4.713486638,0.298943443,1.049446203,0.091982598,0.000205985,0.079552517
374,232879.55,Latin America,Presidential,106.0,0.597202587,0.004,0.004,0.0,134.0,2.873134328,1.319277108,0.194029851,0.815584416,15.61261596,138.0,2.789855072,0.144927536,1.155844156,0.826086957,0.000455171,0.768115942
481,120027.3612,United States,Presidential Detail,10.0,0.064725687,0.23,0.17,0.0,26.0,44.30769231,1.618181818,2.5,0.771701389,2.866319444,563.0,2.046181172,0.055062167,1.171875,0.76731794,8.33E-05,0.017761989
380,226761.6187,Other Countries,Parliamentary,140.0,0.170871727,0.015,0.0,0.0,81.0,13.55555556,2.399380805,0.666666667,0.0,4.000694449,504.0,2.178571429,0.041666667,1.250455373,0.0,0.000617388,0.277777778
322,371605.6255,United States,Presidential,35.0,0.80162383,0.006,-0.003,0.0,221.0,11.90950226,1.200668896,0.429864253,0.098404255,3.106762918,791.0,3.327433628,0.728192162,1.297492401,0.102402023,9.42E-05,0.044247788
391,214872.73,United States,Presidential Primary,43.0,0.170871727,0.015,0.0,0.0,564.0,0.916666667,2.152439024,0.274822695,0.0,4.000694449,153.0,3.379084967,0.078431373,1.230174081,0.0,0.000200118,0.281045752
304,426397.88,United States,Presidential Primary,56.0,0.170871727,0.015,0.0,0.0,31.0,17.12903226,1.424657534,0.548387097,0.0,4.000694449,174.0,3.051724138,0.235632184,1.18079096,0.0,0.000131333,0.32183908
128,3213095.78,United States,Vice Presidential,586.0,0.170871727,0.015,0.0,0.0,229.0,27.0349345,2.081632653,0.541484716,0.0,4.000694449,319.0,19.40752351,0.21630094,1.840090454,0.0,0.000182379,1.836990596
339,309380.9599,United States,Presidential,3.0,0.512477939,0.002,-0.002,0.0,208.0,10.76923077,1.164251208,0.4375,0.026785714,0.795918367,644.0,3.47826087,0.714285714,1.280357143,0.02173913,9.70E-06,0.004658385
208,1007836.301,Eastern Europe,Presidential,137.0,0.194110219,0.002,-0.002,0.0,44.0,196.7954545,9.769900498,1.022727273,0.125996073,0.791975319,6869.0,1.260591061,0.042946572,1.285945259,0.084146164,0.000135935,0.019944679
361,267536.0898,United States,Presidential,5.0,0.002107911,0.016948654,0.016948654,0.0,221.0,12.39366516,1.235918367,0.538461538,0.403066813,12.72539509,844.0,3.245260664,0.186018957,1.345381526,0.624407583,1.87E-05,0.005924171
216,945209.9085,United States,Presidential,11.0,0.015182115,0.075695799,0.04,0.0,221.0,11.97285068,1.52,0.719457014,0.247921391,7.82723248,720.0,3.675,0.211111111,1.314814815,0.306944444,1.16E-05,0.015277778
131,2952937.22,United States,Vice Presidential,586.0,0.170871727,0.015,0.0,0.0,222.0,31.03603604,2.069042316,0.707207207,0.0,4.000694449,457.0,15.07658643,0.218818381,1.772859216,0.0,0.000198446,1.282275711
432,161220.4049,United States,Presidential Detail,980.0,0.170871727,0.015,0.0,0.0,24.0,73.04166667,1.536903039,0.458333333,0.0,4.000694449,666.0,2.632132132,0.154654655,1.159726184,0.0,0.006078635,1.471471471
368,253860.8735,Brazil,Regional Election,10.0,0.068599102,0.47,0.039999439,2.0,10.0,81.2,1.438438438,1.3,0.630541872,0.900774103,388.0,2.092783505,0.118556701,1.137931034,0.628865979,3.94E-05,0.025773196
130,2968663.457,United States,Presidential,226.0,0.384971499,0.002,0.0,0.0,237.0,59.9535865,1.081904762,0.540084388,0.168132874,5.692498718,4181.0,3.398469266,0.772781631,1.255190372,0.200908873,7.61E-05,0.054054054
139,2680996.51,United States,Vice Presidential,586.0,0.170871727,0.015,0.0,0.0,222.0,24.84684685,1.963997851,0.527027027,0.0,4.000694449,284.0,19.42253521,0.338028169,1.825960841,0.0,0.000218575,2.063380282
341,307535.46,United States,Presidential Primary,56.0,0.170871727,0.015,0.0,0.0,31.0,12.35483871,1.307228916,0.483870968,0.0,4.000694449,99.0,3.868686869,0.060606061,1.046997389,0.0,0.000182093,0.565656566
335,316933.5995,Latin America,Presidential,179.0,0.232108126,0.003,0.0,0.0,15.0,268.4666667,1.174406048,3.2,0.976160914,2.091773387,619.0,6.505654281,0.46365105,1.360814502,0.911147011,0.000564787,0.28917609
249,679299.2592,United States,Senate,99.0,0.159201188,0.114,-0.058999966,0.0,206.0,7.160194175,2.079331942,0.432038835,0.303050847,8.918353511,296.0,4.983108108,0.175675676,1.313220339,0.280405405,0.000145738,0.334459459
179,1463735.169,Canada,Parliamentary,25.0,0.347877719,0.001,-0.001,0.0,27.0,28.18518519,2.367256637,1.111111111,0.077529566,0.299042613,373.0,2.040214477,0.163538874,1.303547963,0.061662198,1.71E-05,0.067024129
142,2564648.942,United States,Senate,732.0,0.127400481,0.11,-0.08,0.0,215.0,19.86046512,1.519174041,0.56744186,0.864168618,26.54232185,1326.0,3.220211161,0.144042232,1.284309133,0.837104072,0.000285419,0.552036199
243,714790.3269,Eastern Europe,Parliamentary,1195.0,0.39923372,0.675032496,0.18,34.0,18.0,417.6666667,1.877152698,1.277777778,0.978318702,2.515676662,543.0,13.84530387,0.335174954,1.554402767,0.91160221,0.001671819,2.200736648
349,290599.4296,United States,Presidential,6.0,0.304583921,0.022,-0.004000014,0.0,221.0,4.665158371,2.304487179,0.452488688,0.348205626,10.99334904,412.0,2.502427184,0.230582524,1.367604268,0.359223301,2.06E-05,0.014563107
436,159952.1824,Canada,Regional Election,240.0,0.236290599,0.42,-0.15,6.0,28.0,53.07142857,2.504716981,1.392857143,0.741588156,2.966352624,283.0,5.250883392,0.144876325,1.453566622,0.724381625,0.001500448,0.848056537
463,137287.92,Other Countries,Parliamentary,182.0,0.591817908,0.007,0.0,0.0,215.0,23.0,1.430203917,0.611111111,0.226215645,4.000694449,116.0,3.706896552,0.146551724,1.255813953,0.612068966,0.001325681,1.568965517
98,5178103.423,United States,Presidential,226.0,0.058405801,0.09,-0.02,0.0,243.0,28.37860082,1.718171068,0.679012346,0.48187355,16.72789609,1812.0,3.805739514,0.209713024,1.353973318,0.515452539,4.36E-05,0.124724062
24,28528853.89,United States,Presidential Primary,3104.0,0.170871727,0.015,0.0,0.0,218.0,78.13302752,1.242659645,0.646788991,0.0,4.000694449,2581.0,6.599380085,0.65323518,1.600598838,0.0,0.000108802,1.202634638
43,15286458.17,United States,Presidential Detail,882.0,0.186768711,0.209999993,-0.16,0.0,174.0,103.4482759,2.031644504,0.954022989,0.285,7.084285714,3694.0,4.872766649,0.168651868,1.600722222,0.293719545,5.77E-05,0.238765566
74,6481908.722,United States,Balance of Power,512.0,0.165944065,0.01,-0.001,0.0,194.0,150.4020619,1.327351041,0.943298969,0.257317157,7.131361202,6498.0,4.490304709,0.78578024,1.500171362,0.127269929,7.90E-05,0.078793475
66,8258327.187,United States,Senate,1942.0,0.094744378,0.127586667,0.050014457,0.0,215.0,40.34883721,2.660337553,0.590697674,0.846570605,26.00181145,2226.0,3.897124888,0.152291105,1.457291066,0.857142857,0.000235157,0.872416891
277,540920.4691,Ireland,Parliamentary,767.0,0.220599169,0.63,0.63,9.0,16.0,266.75,1.588235294,1.4375,0.911668229,2.083813094,919.0,4.644178455,0.200217628,1.45923149,0.890097933,0.001417953,0.834602829
492,110209.5361,United States,Regional Election,19.0,0.202887769,0.589999919,-0.009999998,4.0,136.0,7.772058824,1.565533981,0.507352941,0.711447493,13.82240843,312.0,3.387820513,0.189102564,1.177861873,0.721153846,0.000172399,0.060897436
71,6754633.943,United States,Senate,1942.0,0.033519458,0.15,-0.039999992,0.0,215.0,68.23255814,1.666303162,0.581395349,0.86605317,26.6002045,3785.0,3.875825627,0.231704095,1.34342195,0.799207398,0.000287506,0.513077939
443,153031.5153,United States,Regional Election,0.0,0.376399396,0.001,-0.001,0.0,240.0,6.491666667,0.933002481,0.254166667,0.005134788,0.176049881,450.0,3.462222222,0.68,1.231707317,0.008888889,0,0
478,121947.8337,United States,Regional Election,19.0,0.559303939,0.077,-0.036,0.0,136.0,4.080882353,1.371794872,0.404411765,0.574774775,11.16705277,155.0,3.580645161,0.187096774,1.054054054,0.496774194,0.000155804,0.122580645
409,189595.4321,United States,Presidential,10.0,0.004044373,0.018,0.007999989,0.0,221.0,9.14479638,1.037298387,0.502262443,0.064819396,2.046440942,378.0,5.346560847,0.238095238,1.427016329,0.182539683,5.27E-05,0.026455026
315,390640.5104,United States,Presidential Detail,128.0,0.321997396,0.014212357,-0.005,0.0,111.0,46.55855856,1.078841512,1.189189189,0.125773994,1.994416188,1691.0,3.056179775,0.790656416,1.2749613,0.088704908,0.000327667,0.075694855
106,4774445.53,United States,Presidential,305.0,0.298194619,0.001,0.0,0.0,239.0,59.22594142,1.212755979,0.531380753,0.031155069,1.063723066,3969.0,3.566389519,0.732678256,1.30660544,0.046359284,6.39E-05,0.076845553
155,2126932.97,United States,Vice Presidential,586.0,0.170871727,0.015,0.0,0.0,229.0,9.650655022,1.483146067,0.484716157,0.0,4.000694449,415.0,5.325301205,0.359036145,1.61719457,0.0,0.000275514,1.412048193
158,1970001.378,United States,Presidential,134.0,0.684156618,0.003,0.001,0.0,230.0,33.02173913,1.284210526,0.547826087,0.060302831,1.981378727,2316.0,3.279360967,0.649827288,1.296905859,0.055267703,6.80E-05,0.057858377
302,427156.1123,United States,Presidential,27.0,0.462567985,0.005,-0.002,0.0,221.0,8.923076923,1.037190083,0.552036199,0.029411765,0.928571429,696.0,2.833333333,0.525862069,1.255578093,0.028735632,6.32E-05,0.038793103
224,858714.83,Latin America,Presidential,3288.0,0.835200513,0.004,0.0,0.0,215.0,23.0,1.430203917,0.611111111,0.226215645,4.000694449,526.0,3.228136882,0.062737643,0.987043581,0.868821293,0.003828978,6.25095057
176,1522857.243,United States,Presidential,35.0,0.004562326,0.02,0.011999988,0.0,221.0,141.2171946,1.030910392,0.56561086,0.244128296,7.70747907,2839.0,10.99295527,0.152518492,1.262392259,0.355054597,2.30E-05,0.012328285
473,130387.4739,United States,Senate,4.0,0.006053948,0.049,0.038,0.0,206.0,6.223300971,1.318264014,0.36407767,0.408736349,12.02852686,377.0,3.400530504,0.397877984,1.174726989,0.164456233,3.07E-05,0.01061008
377,228352.5662,United States,Presidential,12.0,0.366607015,0.021734376,-0.003999996,0.0,221.0,2.239819005,1.928994083,0.402714932,0.280808081,8.865512266,205.0,2.414634146,0.331707317,1.195959596,0.351219512,5.26E-05,0.058536585
21,36496306.55,United States,Presidential Detail,5184.0,2.17e-16,0.0,0.0,0.0,300.0,361.5466667,1.16767592,0.733333333,0.003982888,0.170695214,14671.0,7.393088406,0.862722377,1.469473742,0.008792857,0.000142042,0.353350147
482,117537.23,Latin America,Presidential,3.0,0.0056899,0.011,0.011,0.0,9.0,6.0,5.75,1.111111111,0.685185185,0.880952381,31.0,1.741935484,0.064516129,1.018518519,0.677419355,2.55E-05,0.096774194
204,1050255.393,Other Countries,Parliamentary,140.0,0.170871727,0.015,0.0,0.0,81.0,17.07407407,1.430579965,0.555555556,0.0,4.000694449,450.0,3.073333333,0.157777778,1.085321764,0.0,0.000133301,0.311111111
221,899685.44,United States,Presidential Primary,56.0,0.170871727,0.015,0.0,0.0,31.0,13.32258065,0.764957265,0.451612903,0.0,4.000694449,128.0,3.2265625,0.0859375,0.818401937,0.0,6.22E-05,0.4375
26,28123133.59,United States,Presidential Primary,3104.0,0.170871727,0.015,0.0,0.0,218.0,107.9724771,1.343255351,0.688073394,0.0,4.000694449,3375.0,6.974222222,0.512296296,1.567762767,0.0,0.000110372,0.919703704
464,137102.6434,United States,Presidential,3.0,0.532131559,0.015999997,-0.015999997,0.0,221.0,1.696832579,1.533783784,0.366515837,0.04,1.262857143,155.0,2.419354839,0.270967742,1.208,0.051612903,2.19E-05,0.019354839
96,5444340.531,United States,Balance of Power,512.0,0.127111912,0.099999999,0.010000007,0.0,194.0,70.58762887,1.85529608,0.932989691,0.430407478,11.92843581,1610.0,8.505590062,0.217391304,1.733386885,0.322981366,9.40E-05,0.318012422
357,275387.2111,United States,Presidential,3.0,0.033072244,0.11,0.08,0.0,208.0,3.307692308,1.6875,0.456730769,0.172965116,5.139534884,203.0,3.389162562,0.201970443,1.078488372,0.137931034,1.09E-05,0.014778325
141,2594710.24,Latin America,Presidential,3288.0,0.080136555,0.469999893,0.019999997,0.0,215.0,23.0,1.430203917,0.611111111,0.226215645,4.000694449,1666.0,3.535414166,0.167466987,1.317996604,0.782713085,0.001267194,1.973589436
95,5495540.123,Other Countries,Presidential,8.0,1.318562798,0.01,-0.009,0.0,5.0,123.6,1.109215017,1.8,1.0,1.0,120.0,5.15,0.258333333,0.917475728,1.0,1.46E-06,0.066666667
395,209459.87,United Kingdom,Parliamentary,2.0,0.170871727,0.015,0.0,0.0,272.0,2.992647059,1.071246819,0.150735294,0.0,4.000694449,346.0,2.352601156,0.661849711,1.157248157,0.0,9.55E-06,0.005780347
398,203064.5997,United States,Presidential,10.0,0.446023128,0.004,-0.001,0.0,221.0,8.126696833,1.083526682,0.393665158,0.153674833,4.851734012,636.0,2.823899371,0.751572327,1.277282851,0.119496855,4.92E-05,0.01572327
466,136274.0549,United States,Senate,11.0,0.502744247,0.012,0.011,0.0,206.0,3.946601942,1.203252033,0.344660194,0.087330873,2.570022843,319.0,2.548589342,0.601880878,1.218942189,0.191222571,8.07E-05,0.034482759
351,287486.78,United States,Presidential Primary,56.0,0.170871727,0.015,0.0,0.0,28.0,15.60714286,1.174129353,0.464285714,0.0,4.000694449,74.0,5.905405405,0.283783784,0.837528604,0.0,0.000194792,0.756756757
332,327358.5284,United States,Senate,14.0,0.54571307,0.002,-0.002,0.0,206.0,9.359223301,1.362745098,0.378640777,0.072095436,2.121665679,683.0,2.82284041,0.503660322,1.251037344,0.109809663,4.28E-05,0.020497804
152,2229243.296,United States,Presidential,140.0,0.218388067,0.1,-0.02,0.0,230.0,9.865217391,2.573228346,0.534782609,0.531511679,17.46395517,899.0,2.523915462,0.065628476,1.339797268,0.618464961,6.28E-05,0.155728587
288,486756.27,United States,Vice Presidential,94.0,0.391704226,0.002,0.0,0.0,72.0,13.55555556,1.103448276,0.777777778,0.116803279,1.201405152,297.0,3.286195286,0.282828283,1.341188525,0.107744108,0.000193115,0.316498316
225,854534.26,United States,Presidential Primary,20.0,0.458321997,0.008,-0.002,0.0,181.0,6.259668508,1.410638298,0.624309392,0.234774934,6.070609003,365.0,3.104109589,0.235616438,1.408649603,0.252054795,2.34E-05,0.054794521
400,202053.4888,Canada,Regional Election,6.0,0.127212219,0.44,0.15,0.0,31.0,9.35483871,2.052631579,0.870967742,0.479310345,2.122660099,149.0,1.946308725,0.174496644,1.017241379,0.510067114,2.97E-05,0.040268456
450,147509.12,United Kingdom,Prime Minister,6.0,0.0,0.0,0.0,0.0,215.0,23.0,1.430203917,0.611111111,0.226215645,4.000694449,154.0,2.454545455,0.428571429,1.19047619,0.019480519,4.07E-05,0.038961039
40,16641464.21,United States,Presidential Detail,882.0,4.34e-16,0.0,0.0,0.0,173.0,198.1849711,1.165340407,0.878612717,0.017324856,0.428171432,8571.0,4.000233345,0.81285731,1.339030508,0.025784623,5.30E-05,0.102905145
156,2111415.898,United States,Presidential,11.0,0.189776327,0.003,0.001,0.0,221.0,16.2081448,1.094736842,0.36199095,0.422389726,13.33544708,537.0,6.670391061,0.333333333,1.639307649,0.22160149,5.21E-06,0.020484171
308,416207.43,United States,Presidential Primary,20.0,4.35e-16,0.0,0.0,0.0,181.0,5.314917127,1.702247191,0.480662983,0.340956341,8.816156816,352.0,2.732954545,0.102272727,1.35031185,0.340909091,4.81E-05,0.056818182
73,6552460.32,United States,Presidential Primary,43.0,0.170871727,0.015,0.0,0.0,564.0,7.432624113,1.44716871,0.920212766,0.0,4.000694449,874.0,4.796338673,0.187643021,1.495706107,0.0,6.56E-06,0.049199085
140,2667775.083,United States,Presidential,109.0,0.008823771,0.033,0.024999999,0.0,221.0,50.61538462,1.397856377,0.742081448,0.367423565,11.60008684,2918.0,3.833447567,0.22172721,1.381637761,0.424263194,4.09E-05,0.037354352
297,449731.41,United States,Presidential Primary,56.0,0.170871727,0.015,0.0,0.0,31.0,10.09677419,0.885542169,0.451612903,0.0,4.000694449,80.0,3.9125,0.05,1.015974441,0.0,0.000124519,0.7
28,22226397.94,United States,Presidential Primary,3104.0,0.170871727,0.015,0.0,0.0,218.0,51.73394495,1.132350161,0.678899083,0.0,4.000694449,1976.0,5.707489879,0.664473684,1.544688775,0.0,0.000139654,1.570850202
134,2854968.07,United States,Vice Presidential,586.0,0.170871727,0.015,0.0,0.0,229.0,13.58078603,1.271731191,0.489082969,0.0,4.000694449,750.0,4.146666667,0.592,1.522829582,0.0,0.000205256,0.781333333
126,3302882.68,United States,Presidential,380.0,0.038050611,0.28,-0.089999992,0.0,221.0,22.29864253,1.929845422,0.520361991,0.811079545,25.60693994,1715.0,2.873469388,0.135276968,1.294845779,0.84548105,0.000115051,0.221574344
137,2701136.854,United States,Senate,43.0,0.476439904,0.003,-0.002,0.0,215.0,35.55348837,1.202247191,0.534883721,0.048534799,1.490711669,2632.0,2.904255319,0.56724924,1.219911041,0.104863222,1.59E-05,0.016337386
100,5152322.442,United States,Presidential,305.0,0.115020068,0.22,0.020000018,0.0,241.0,162.1576763,1.348416562,0.618257261,0.478480041,16.47338427,12351.0,3.164116266,0.529106955,1.262922211,0.478179904,5.92E-05,0.024694357
455,140745.4704,United States,Regional Election,1.0,0.763923188,0.007,-0.007,0.0,241.0,9.31120332,0.851485149,0.211618257,0.049465241,1.703017571,583.0,3.849056604,0.82161235,1.23573975,0.068610635,7.11E-06,0.001715266
416,181816.2614,United States,Presidential Detail,980.0,0.170871727,0.015,0.0,0.0,24.0,55.95833333,1.411131059,0.458333333,0.0,4.000694449,446.0,3.011210762,0.19058296,1.192851824,0.0,0.005390057,2.197309417
165,1802365.77,United States,Vice Presidential,94.0,0.808499068,0.078006674,-0.006,0.0,72.0,22.13888889,1.270655271,0.833333333,0.271643664,2.794049113,307.0,5.19218241,0.270358306,1.436010038,0.172638436,5.22E-05,0.306188925
99,5159200.178,United States,Presidential,422.0,0.084456044,0.16,0.050021781,0.0,242.0,35.54958678,1.574977552,0.785123967,0.38916657,13.45404427,2563.0,3.356613344,0.231759657,1.339184006,0.359344518,8.18E-05,0.1646508
343,303208.8027,United States,Presidential,6.0,0.003374125,0.021,0.007,0.0,221.0,8.488687783,1.09375,0.515837104,0.302238806,9.542110874,546.0,3.435897436,0.137362637,1.404584222,0.525641026,1.98E-05,0.010989011
383,222967.5588,Ireland,Prime Minister,90.0,0.226043692,0.061,-0.024,0.0,16.0,117.5,2.213675214,4.5,0.888829787,2.031610942,501.0,3.75249501,0.23752495,1.595744681,0.876247505,0.000403646,0.179640719
371,241200.0906,United States,Presidential,9.0,0.469928372,0.003,-0.001,0.0,221.0,12.33484163,1.118104118,0.303167421,0.055025679,1.737239283,543.0,5.020257827,0.758747698,1.267424798,0.075506446,3.73E-05,0.016574586
248,684107.752,United States,Senate,55.0,0.192442164,0.16999184,-0.088154313,0.0,215.0,5.488372093,1.822966507,0.506976744,0.466949153,14.34200969,286.0,4.125874126,0.171328671,1.268644068,0.423076923,8.04E-05,0.192307692
87,5796750.672,United States,Presidential,305.0,0.045515093,0.19,-0.02,0.0,241.0,170.0165975,1.613471106,0.742738589,0.49053058,16.88826712,14343.0,2.856724535,0.296172349,1.255381461,0.447535383,5.26E-05,0.021264728
292,459223.76,United States,Vice Presidential,94.0,0.442888183,0.002,0.0,0.0,72.0,11.45833333,1.194148936,0.75,0.099393939,1.022337662,295.0,2.796610169,0.216949153,1.332121212,0.118644068,0.000204693,0.318644068
285,499532.2066,United States,Presidential Detail,128.0,0.095599663,0.03999032,-0.03,0.0,111.0,14.36936937,1.694256757,1.108108108,0.593730408,9.414867891,342.0,4.66374269,0.192982456,1.484639498,0.529239766,0.00025624,0.374269006
7,116558196.4,United States,Presidential,209081.0,2.17e-16,0.0,0.0,0.0,303.0,539.7359736,1.04440333,0.930693069,0.005246423,0.227095162,18519.0,8.830930396,0.847723959,1.524232604,0.017819537,0.001793791,11.29008046
206,1022853.789,United States,Presidential,35.0,0.105339202,0.02918,-0.009,0.0,221.0,7.511312217,2.640350877,0.502262443,0.224096386,7.075043029,505.0,3.287128713,0.223762376,1.56686747,0.126732673,3.42E-05,0.069306931
11,70237132.51,United States,Presidential Detail,5184.0,2.17e-16,0.0,0.0,0.0,300.0,201.8233333,1.248811469,0.75,0.00761392,0.326310847,11709.0,5.170979588,0.803484499,1.512709135,0.008284226,7.38E-05,0.442736357
3,163779786.6,United States,Presidential Detail,5184.0,0.085197469,0.195,0.158,0.0,300.0,1414.233333,1.133768533,0.756666667,0.229559007,9.838243167,49608.0,8.552451218,0.455047573,1.540709925,0.285861151,3.17E-05,0.104499274
389,217279.5242,United States,Presidential,4.0,0.004021481,0.013,0.0110003,0.0,221.0,21.03167421,0.88406972,0.50678733,0.248924269,7.858894763,805.0,5.773913043,0.316770186,1.467512909,0.336645963,1.84E-05,0.004968944
190,1263796.62,United States,Presidential Primary,56.0,0.170871727,0.015,0.0,0.0,28.0,13.07142857,0.671232877,0.392857143,0.0,4.000694449,125.0,2.928,0.04,0.737704918,0.0,4.43E-05,0.448
60,9363171.564,Ireland,Prime Minister,90.0,0.601148244,0.009,0.0,0.0,16.0,1344.0,1.039260313,3.8125,1.0,2.285714286,930.0,23.12258065,0.101075269,1.193870908,1.0,9.61E-06,0.096774194
353,283516.045,United States,Presidential,14.0,0.005697695,0.019,0.013001284,0.0,221.0,18.32579186,1.184466019,0.597285068,0.447901235,14.14088183,1056.0,3.835227273,0.268939394,1.320740741,0.53125,4.94E-05,0.013257576
160,1850597.393,United States,Other Election,1121.0,0.170871727,0.015,0.0,0.0,144.0,51.06944444,1.489505755,0.638888889,0.0,4.000694449,2169.0,3.390502536,0.213923467,1.331792222,0.0,0.00060575,0.516828031
493,110159.3349,Other Countries,Presidential,44.0,0.497322514,0.108999997,-0.082,0.0,18.0,40.72222222,2.145922747,1.277777778,0.566166439,1.455856558,153.0,4.790849673,0.235294118,1.372442019,0.568627451,0.000399421,0.287581699
210,995014.7143,Ireland,Prime Minister,90.0,0.224677376,0.490000023,0.39,5.0,16.0,895.625,1.216207856,4.5625,0.988276343,2.258917356,3816.0,3.75524109,0.243448637,1.354361479,0.98951782,9.05E-05,0.023584906
435,160189.0102,United States,Presidential,3.0,0.004601649,0.01,0.008,0.0,208.0,1.961538462,1.318181818,0.336538462,0.102941176,3.058823529,118.0,3.457627119,0.169491525,1.291666667,0.127118644,1.87E-05,0.025423729
360,269187.0599,Canada,Regional Election,240.0,0.146749529,0.73770798,0.149999983,8.0,29.0,61.03448276,1.661654135,1.379310345,0.794350282,3.290879742,573.0,3.089005236,0.132635253,1.353672316,0.832460733,0.000891573,0.418848168
321,374205.1443,Brazil,Regional Election,10.0,0.167895612,0.249999995,0.03,2.0,10.0,41.4,1.915492958,1.3,0.466183575,0.665976536,161.0,2.571428571,0.111801242,1.038647343,0.447204969,2.67E-05,0.062111801
233,811403.3764,Eastern Europe,Presidential,137.0,0.40217765,0.005,-0.002,0.0,44.0,136.5227273,6.924802111,1.022727273,0.181787914,1.142666889,4264.0,1.408771107,0.057926829,1.340436158,0.128517824,0.000168843,0.032129456
49,12960333.14,United States,Presidential,1490.0,0.075398708,0.16,0.039999999,22.0,243.0,59.47325103,1.58117521,0.773662551,0.40714088,14.13360484,4097.0,3.527459116,0.151574323,1.413852754,0.328044911,0.000114966,0.363680742
209,999722.942,United States,Presidential,19.0,0.588463339,0.004,0.0,0.0,221.0,19.10859729,1.078248031,0.497737557,0.055410845,1.749399547,1413.0,2.988676575,0.745930644,1.227326545,0.035385704,1.90E-05,0.013446568
12,57519438.44,United States,Presidential Primary,3104.0,0.170871727,0.015,0.0,0.0,218.0,136.2293578,1.498149394,0.940366972,0.0,4.000694449,5103.0,5.819713894,0.335880854,1.550508452,0.0,5.40E-05,0.608269645
20,36970806.28,United States,Presidential Detail,5184.0,4.34e-16,0.0,0.0,0.0,300.0,151.3733333,1.341186781,0.85,0.015612613,0.669112003,9281.0,4.893007219,0.690658334,1.585461992,0.026936753,0.000140219,0.5585605
180,1458523.893,United States,Presidential Detail,128.0,0.106135926,0.289446997,0.13,4.0,111.0,304.4054054,1.061561928,1.387387387,0.917014413,14.54122855,3315.0,10.19276018,0.206636501,1.658350351,0.681447964,8.78E-05,0.038612368
255,654855.1197,United States,Presidential Detail,980.0,0.170871727,0.015,0.0,0.0,24.0,129.0416667,1.707167832,0.458333333,0.0,4.000694449,1101.0,2.812897366,0.123524069,1.24507588,0.0,0.001496514,0.890099909
253,660731.0189,Ireland,Prime Minister,90.0,0.603866725,0.012,-0.001,0.0,16.0,96.8125,2.679334917,4.375,0.905100065,2.068800148,554.0,2.796028881,0.14801444,1.557133635,0.900722022,0.000136213,0.162454874
33,21001687.13,Brazil,Regional Election,429.0,0.483245256,0.007,-0.001,0.0,37.0,183.3243243,1.185949082,1.540540541,0.832964765,4.402813757,1899.0,3.571879937,0.424960506,1.338788147,0.904160084,2.04E-05,0.225908373
303,426456.69,Latin America,Presidential,3288.0,0.505382591,0.002,0.0,0.0,215.0,23.0,1.430203917,0.611111111,0.226215645,4.000694449,245.0,3.506122449,0.159183673,1.21653085,0.710204082,0.007710044,13.42040816
38,18597089.08,Germany,Parliamentary,3252.0,0.210944617,0.166999999,-0.004000002,0.0,68.0,341.3823529,1.653635117,1.044117647,0.266477126,2.588634937,4941.0,4.698239223,0.187209067,1.533514259,0.258247318,0.000174866,0.658166363
323,371151.6742,United States,Senate,87.0,0.025905023,0.15,3.32e-09,0.0,215.0,10.18604651,1.796934866,0.506976744,0.499543379,15.34311807,595.0,3.680672269,0.354621849,1.306849315,0.282352941,0.000234406,0.146218487
192,1233356.51,United States,Presidential Primary,56.0,0.170871727,0.015,0.0,0.0,31.0,31.61290323,1.327790974,0.548387097,0.0,4.000694449,329.0,2.978723404,0.212765957,1.292857143,0.0,4.54E-05,0.170212766
426,174546.97,United Kingdom,Prime Minister,6.0,0.0,0.0,0.0,0.0,215.0,23.0,1.430203917,0.611111111,0.226215645,4.000694449,251.0,2.398406375,0.585657371,1.224252492,0.003984064,3.44E-05,0.023904382
45,14756382.2,United States,Presidential Detail,882.0,0.120517731,0.16,0.05,0.0,174.0,329.8908046,1.325527691,0.959770115,0.359680145,8.940620746,14586.0,3.935348965,0.621966269,1.352432884,0.391676951,5.98E-05,0.060468943
237,786607.8292,Eastern Europe,Presidential,137.0,0.427998175,0.007999988,-0.002,0.0,44.0,220.9772727,10.21453287,1.068181818,0.142445747,0.895373268,7922.0,1.22734158,0.026382227,1.266687236,0.106791214,0.000174166,0.017293613
207,1009297.293,United States,Presidential,11.0,0.149427653,0.069999989,-0.049999999,0.0,221.0,5.805429864,2.358638743,0.65158371,0.411535464,12.9927625,379.0,3.385224274,0.105540897,1.252533125,0.245382586,1.09E-05,0.029023747
340,308560.3898,Other Countries,Parliamentary,140.0,0.170871727,0.015,0.0,0.0,81.0,20.90123457,1.348127601,0.604938272,0.0,4.000694449,571.0,2.96497373,0.243432574,1.046072061,0.0,0.00045372,0.245183888
124,3398043.08,United States,Vice Presidential,2921.0,0.170871727,0.015,0.0,0.0,28.0,239.1785714,1.326963169,0.5,0.0,4.000694449,486.0,13.77983539,0.528806584,1.804987308,0.0,0.000859612,6.010288066
39,17751068.9,United States,Presidential Detail,882.0,0.096491006,0.012,-0.005,0.0,173.0,211.3179191,1.415620457,0.878612717,0.254800591,6.297214602,8752.0,4.177102377,0.737545704,1.440970513,0.262682815,4.97E-05,0.100776965
77,6367580.896,United States,Presidential Detail,5184.0,2.17e-16,0.0,0.0,0.0,300.0,26.87,0.814723098,0.716666667,0.038084605,1.632197352,2812.0,2.866642959,0.450213371,1.244882769,0.040540541,0.000814124,1.843527738
198,1123675.019,United States,Presidential Detail,25.0,0.176199117,0.089999996,-0.009999953,0.0,26.0,41.30769231,1.36043956,1.576923077,0.77839851,2.891194467,196.0,5.479591837,0.142857143,1.361266294,0.647959184,2.22E-05,0.12755102
283,510091.7392,Brazil,Regional Election,429.0,0.210019645,0.25,0.080063499,0.0,37.0,53.81081081,2.858527132,1.081081081,0.486187845,2.569850039,472.0,4.218220339,0.095338983,1.460572577,0.383474576,0.000841025,0.908898305
129,3066285.319,United States,Presidential,380.0,0.161492475,0.261389916,0.1,0.0,221.0,15.86877828,2.56402439,0.352941176,0.925577417,29.2218013,1436.0,2.442200557,0.069637883,1.282292558,0.919916435,0.000123928,0.264623955
195,1161077.94,United States,Presidential Primary,56.0,0.170871727,0.015,0.0,0.0,31.0,14.35483871,0.765873016,0.419354839,0.0,4.000694449,120.0,3.708333333,0.025,0.896629213,0.0,4.82E-05,0.466666667
196,1146612.21,United States,Presidential Primary,56.0,0.170871727,0.015,0.0,0.0,31.0,14.38709677,0.791164659,0.419354839,0.0,4.000694449,132.0,3.378787879,0.03030303,0.885650224,0.0,4.88E-05,0.424242424
425,174564.4453,Ireland,Prime Minister,90.0,0.355592234,0.44,-0.44,3.0,16.0,141.0,2.086183311,4.5,0.859929078,1.965552178,623.0,3.621187801,0.168539326,1.548758865,0.77046549,0.000515569,0.144462279
2,241655099.9,United States,Presidential,209081.0,0.205186552,0.003,0.0,0.0,303.0,639.0957096,1.069707787,0.884488449,0.008339961,0.361001149,22339.0,8.668516943,0.851694346,1.549497537,0.020054613,0.000865204,9.359461032
217,915470.456,United States,Presidential,35.0,0.019718403,0.1,-0.010000273,0.0,221.0,9.597285068,1.754545455,0.57918552,0.449787836,14.20044453,669.0,3.170403587,0.110612855,1.346534653,0.565022422,3.82E-05,0.052316891
298,444777.2011,United States,Presidential,14.0,0.82584589,0.006,0.0,0.0,221.0,22.41176471,1.246258503,0.484162896,0.232586311,7.343082115,1755.0,2.822222222,0.741880342,1.271350697,0.261538462,3.15E-05,0.007977208
240,747925.29,Latin America,Presidential,106.0,0.017198616,0.06,0.03,0.0,134.0,10.39552239,3.037681159,0.485074627,0.702081838,13.43985232,606.0,2.298679868,0.04290429,1.353194544,0.726072607,0.000141725,0.174917492
342,306337.5354,United States,Presidential,3.0,0.167702848,0.070999994,-0.046,0.0,208.0,2.370192308,1.754189944,0.471153846,0.204868154,6.087510866,152.0,3.243421053,0.138157895,1.006085193,0.184210526,9.79E-06,0.019736842
151,2261038.457,United States,Presidential,35.0,0.665805197,0.004,-0.001,0.0,221.0,24.15384615,1.236279849,0.475113122,0.072124391,2.277070064,1605.0,3.325856698,0.601246106,1.317534657,0.058566978,1.55E-05,0.021806854
484,115067.4831,United States,Senate,12.0,0.511948726,0.002,-0.000999963,0.0,206.0,3.72815534,1.518032787,0.276699029,0.248697917,7.318824405,360.0,2.133333333,0.494444444,1.192708333,0.369444444,0.000104287,0.033333333
452,146626.4798,United States,Presidential,11.0,0.400731379,0.008000079,0.004701857,0.0,221.0,3.402714932,2.172995781,0.357466063,0.363031915,11.46143617,379.0,1.984168865,0.321899736,1.269946809,0.501319261,7.50E-05,0.029023747
307,416702.0784,United States,Presidential,21.0,0.350978874,0.002,0.0,0.0,221.0,8.92760181,1.168131868,0.380090498,0.326406488,10.30511911,582.0,3.390034364,0.635738832,1.289406994,0.264604811,5.04E-05,0.036082474
441,154086.0012,Ireland,Prime Minister,90.0,0.306687924,0.005999888,-0.001,0.0,16.0,120.4375,2.103059581,4.5625,0.908147379,2.075765439,600.0,3.211666667,0.231666667,1.523611832,0.861666667,0.000584089,0.15
403,196611.239,United States,Presidential,7.0,0.233827713,0.020521991,-0.015,0.0,221.0,2.140271493,1.95625,0.371040724,0.226215645,7.141951072,162.0,2.919753086,0.203703704,1.260042283,0.074074074,3.56E-05,0.043209877
337,311778.3888,United States,Senate,14.0,0.156429866,0.05,-0.04,0.0,215.0,2.106976744,2.02,0.437209302,0.099337748,3.051087985,133.0,3.406015038,0.142857143,1.233995585,0.067669173,4.49E-05,0.105263158
133,2873124.59,United States,Vice Presidential,586.0,0.170871727,0.015,0.0,0.0,222.0,15.7972973,1.31027668,0.545045045,0.0,4.000694449,697.0,5.031563845,0.592539455,1.575135443,0.0,0.000203959,0.840746055
488,113739.7747,Germany,Regional Election,258.0,0.174240615,0.219999984,0.019999986,0.0,3.0,176.6666667,2.868613139,2.333333333,1.0,1.0,128.0,4.140625,0.125,1.160377358,1.0,0.002268336,2.015625
168,1742889.815,Other Countries,Presidential,118.0,0.332104003,0.393708593,-0.323708593,0.0,1.0,3289.0,1.089580686,10.0,1.0,1.0,303.0,10.85478548,0.052805281,0.935542718,1.0,6.77E-05,0.389438944
438,156261.1832,United States,Presidential,6.0,0.695406701,0.005000001,0.004,0.0,221.0,7.371040724,1.945750452,0.43438914,0.269490485,8.508199597,718.0,2.268802228,0.426183844,1.32228361,0.316155989,3.84E-05,0.008356546
293,452582.18,United States,Presidential Primary,20.0,0.532361523,0.004,0.0,0.0,181.0,6.254143646,1.608294931,0.475138122,0.303886926,7.857647653,407.0,2.781326781,0.294840295,1.352473498,0.2997543,4.42E-05,0.049140049
35,19989626.71,Germany,Parliamentary,3252.0,2.17e-16,0.0,0.0,0.0,68.0,273.25,1.378824734,1.044117647,0.01054841,0.102470265,4954.0,3.7507065,0.706903512,1.441795382,0.018974566,0.000162684,0.656439241
175,1540056.718,United States,Senate,156.0,0.029032347,0.21,0.079999997,0.0,215.0,14.81395349,1.82358156,0.544186047,0.759183673,23.31778426,1008.0,3.159722222,0.218253968,1.283830455,0.652777778,0.000101295,0.154761905
162,1827864.59,United States,Vice Presidential,94.0,0.594444363,0.198,-0.069,0.0,72.0,31.29166667,1.781481481,0.819444444,0.415446072,4.273159597,337.0,6.685459941,0.225519288,1.471371505,0.427299703,5.14E-05,0.278931751
388,217527.4469,United States,Presidential,3.0,1.219673442,0.006,0.0,0.0,208.0,15.5625,1.078998073,0.375,0.002471424,0.073436604,675.0,4.795555556,0.814814815,1.270312017,0.004444444,1.38E-05,0.004444444
65,8427215.035,United States,Presidential,522.0,0.102236434,0.21,-0.159999975,27.0,242.0,143.1859504,1.420100573,0.669421488,0.497243947,17.19043359,12952.0,2.675339716,0.237415071,1.259790482,0.435299568,6.19E-05,0.040302656
9,93307167.69,United States,Presidential,209081.0,2.17e-16,0.0,0.0,0.0,304.0,186.8421053,1.016329428,0.736842105,0.009559859,0.415171026,9795.0,5.798876978,0.711383359,1.550352113,0.025012762,0.002240782,21.34568657
448,148445.6316,United States,Presidential,7.0,0.822520841,0.008000001,-0.001,0.0,221.0,7.918552036,1.206809584,0.470588235,0.093142857,2.940653061,640.0,2.734375,0.60625,1.232,0.05625,4.72E-05,0.0109375
32,21181731.47,United States,Presidential,209081.0,4.34e-16,0.0,0.0,0.0,305.0,23.06557377,0.7120954,0.859016393,0.083297797,3.629404,2223.0,3.164642375,0.08277103,1.381520967,0.124156545,0.009870817,94.05353126
127,3244929.84,United States,Vice Presidential,586.0,0.170871727,0.015,0.0,0.0,229.0,27.37554585,1.8049217,0.576419214,0.0,4.000694449,594.0,10.55387205,0.570707071,1.785771255,0.0,0.000180589,0.986531987
122,3416288.29,United States,Vice Presidential,586.0,0.170871727,0.015,0.0,0.0,230.0,30.69130435,2.010234542,0.695652174,0.0,4.000694449,447.0,15.79194631,0.239373602,1.756906077,0.0,0.000171531,1.310961969
62,9203011.892,United States,Presidential,209081.0,2.17e-16,0.0,0.0,0.0,303.0,14.83168317,0.970188514,0.640264026,0.123943035,5.364962808,1823.0,2.465167307,0.007679649,1.271250556,0.149753154,0.022718758,114.6906199
135,2778601.554,United States,Presidential,35.0,0.007624155,0.039,0.022000021,0.0,221.0,35.92307692,1.279356876,0.660633484,0.228366293,7.209850107,2150.0,3.69255814,0.126046512,1.208212621,0.253023256,1.26E-05,0.01627907
491,110682.0742,Brazil,Regional Election,21.0,0.617514755,0.12,0.060999999,0.0,3.0,28.66666667,3.3,1.333333333,1.0,1.0,31.0,2.774193548,0.032258065,1.034883721,1.0,0.000189733,0.677419355
485,114731.6627,United States,Presidential Detail,980.0,0.170871727,0.015,0.0,0.0,24.0,44.33333333,2.147928994,0.458333333,0.0,4.000694449,502.0,2.119521912,0.073705179,1.171992481,0.0,0.00854167,1.952191235
250,676897.3199,United States,Senate,55.0,0.501924839,0.002,-0.002,0.0,215.0,15.06511628,1.187035787,0.465116279,0.061438716,1.887046266,1110.0,2.918018018,0.636036036,1.261500463,0.083783784,8.13E-05,0.04954955
465,136681.5422,Other Countries,Presidential,25.0,0.170871727,0.015,0.0,0.0,156.0,5.096153846,4.03164557,0.205128205,0.0,4.000694449,504.0,1.577380952,0.115079365,1.310691824,0.0,0.000182907,0.049603175
264,620031.71,Other Countries,Presidential,201.0,0.164641386,0.11,-0.02,0.0,45.0,17.55555556,4.12987013,0.955555556,0.593670886,3.816455696,169.0,4.674556213,0.165680473,1.221518987,0.514792899,0.000324177,1.189349112
189,1264467.109,Ireland,Prime Minister,90.0,0.365260373,0.008,-0.001,0.0,16.0,207.75,1.462222222,4.5,0.945547533,2.161251504,770.0,4.316883117,0.257142857,1.376654633,0.890909091,7.12E-05,0.116883117
431,168305.55,United States,Presidential Primary,43.0,0.170871727,0.015,0.0,0.0,564.0,0.817375887,1.519125683,0.296099291,0.0,4.000694449,150.0,3.073333333,0.206666667,1.154013015,0.0,0.000255488,0.286666667
354,280532.4817,United States,Presidential Detail,128.0,0.122696513,0.09,-0.04,0.0,111.0,19.77477477,1.378114843,1.288288288,0.541230068,8.582362512,589.0,3.726655348,0.156196944,1.378587699,0.497453311,0.000456275,0.217317487
301,432719.71,United States,Presidential Primary,56.0,0.170871727,0.015,0.0,0.0,31.0,17.90322581,1.381974249,0.516129032,0.0,4.000694449,146.0,3.801369863,0.321917808,1.162162162,0.0,0.000129414,0.383561644
177,1510074.189,Germany,Parliamentary,219.0,0.008420968,0.03,0.017,0.0,66.0,174.3787879,1.857958778,1.045454545,0.145538274,1.372218016,3912.0,2.941973415,0.137014315,1.339647233,0.106083845,0.000145026,0.055981595
429,169224.5911,United States,Presidential,4.0,0.791191338,0.007,-0.007,0.0,221.0,5.773755656,1.222996516,0.343891403,0.198275862,6.259852217,402.0,3.174129353,0.679104478,1.247648903,0.199004975,2.36E-05,0.009950249
17,46309049.2,United States,Presidential,209081.0,4.34e-16,0.0,0.0,0.0,305.0,60.05245902,0.808987654,0.908196721,0.032103079,1.398777026,3203.0,5.71838901,0.297221355,1.610613671,0.085544802,0.004514906,65.27661567
440,154202.1704,Ireland,Parliamentary,767.0,0.694821039,0.015000003,0.0,0.0,16.0,81.5625,1.8125,1.4375,0.696551724,1.592118227,401.0,3.25436409,0.10723192,1.557854406,0.523690773,0.00497399,1.912718204
132,2943957.138,United States,Presidential,62.0,0.421803684,0.002,0.0,0.0,230.0,32.9,1.226898175,0.491304348,0.305801507,10.04776379,2271.0,3.332012329,0.580361074,1.291529008,0.269484808,2.11E-05,0.027300749
433,160834.4576,United States,Senate,14.0,0.0088329,0.025,0.019000782,0.0,206.0,3.131067961,1.918552036,0.378640777,0.179844961,5.292580288,221.0,2.918552036,0.158371041,1.319379845,0.298642534,8.70E-05,0.063348416
120,3540382.36,United States,Vice Presidential,586.0,0.170871727,0.015,0.0,0.0,230.0,26.93913043,1.953288847,0.604347826,0.0,4.000694449,351.0,17.65242165,0.327635328,1.804228535,0.0,0.000165519,1.66951567
75,6457569.386,United States,Presidential,236.0,0.048037105,0.15,-0.060000036,0.0,242.0,46.40909091,1.745294549,0.731404959,0.436737601,15.09864279,4031.0,2.786157281,0.112130985,1.279049061,0.384768048,3.65E-05,0.058546266
310,407851.6,United States,Vice Presidential,94.0,0.468896918,0.002,0.0,0.0,72.0,12.97222222,1.070953437,0.805555556,0.098501071,1.01315387,327.0,2.856269113,0.256880734,1.281584582,0.119266055,0.000230476,0.287461774
109,4569010.35,United States,Vice Presidential,586.0,0.170871727,0.015,0.0,0.0,230.0,30.02608696,1.916385135,0.704347826,0.0,4.000694449,496.0,13.9233871,0.276209677,1.739936287,0.0,0.000128255,1.181451613
89,5734812.55,United States,Presidential Detail,5184.0,4.35e-16,0.0,0.0,0.0,300.0,21.51333333,0.804809843,0.7,0.050356368,2.158130063,2398.0,2.691409508,0.336530442,1.242950108,0.052543786,0.000903953,2.161801501
306,424772.055,Eastern Europe,Presidential,94.0,0.673100032,0.006,-0.001,0.0,8.0,310.5,1.092670598,3.0,0.99194847,1.133655395,175.0,14.19428571,0.177142857,1.851851852,0.897142857,0.000221295,0.537142857
64,8544095.828,United States,Presidential Detail,5184.0,2.18e-16,0.0,0.0,0.0,300.0,31.20333333,0.828677476,0.786666667,0.027454332,1.17661422,2805.0,3.337254902,0.263458111,1.348467044,0.042424242,0.000606735,1.848128342
444,152403.6943,United States,Presidential,10.0,0.286430442,0.012844029,-0.001657582,0.0,221.0,3.402714932,1.278787879,0.398190045,0.03856383,1.217515198,282.0,2.666666667,0.602836879,1.231382979,0.060283688,6.56E-05,0.035460993
445,151103.2506,United States,Presidential,3.0,0.004246594,0.015,0.014,0.0,221.0,3.850678733,1.431428571,0.533936652,0.113983549,3.598623468,238.0,3.575630252,0.151260504,1.25146886,0.176470588,1.99E-05,0.012605042
261,624430.2714,United States,Senate,87.0,0.200472259,0.51,-0.010000013,6.0,215.0,8.641860465,1.728340675,0.493023256,0.43649085,13.40650469,455.0,4.083516484,0.134065934,1.267491927,0.386813187,0.000139327,0.191208791
55,10404102.08,United States,Presidential,522.0,0.096312431,0.219999999,0.14002208,11.0,242.0,195.8181818,1.276846202,0.685950413,0.417173124,14.42227086,14824.0,3.196708041,0.452711819,1.283827129,0.421141392,5.02E-05,0.035213168
369,248786.9652,United States,Senate,14.0,0.515505726,0.002,-0.002,0.0,215.0,9.762790698,1.492874109,0.525581395,0.165793235,5.092220785,803.0,2.613947696,0.466998755,1.256788947,0.156911582,5.63E-05,0.01743462
69,7693577.101,United States,Presidential,140.0,0.142145004,0.001,0.0,0.0,230.0,52.50434783,1.102001741,0.526086957,0.132494203,4.353380968,3301.0,3.658285368,0.719781884,1.268549188,0.105725538,1.82E-05,0.04241139
78,6332605.568,United States,Balance of Power,512.0,0.171277974,0.008,0.001,0.0,194.0,144.5670103,1.369350342,0.948453608,0.267239535,7.406352829,6132.0,4.573711676,0.737279843,1.515973757,0.131278539,8.09E-05,0.083496412
48,13006615.35,United States,Senate,62.0,0.394597084,0.003,0.0,0.0,215.0,68.15348837,1.106829619,0.553488372,0.200095544,6.145791696,4104.0,3.570419103,0.691276803,1.247116631,0.161062378,4.77E-06,0.015107212
13,54563172.65,United States,Presidential Primary,3104.0,0.170871727,0.015,0.0,0.0,218.0,194.2844037,1.391800316,0.73853211,0.0,4.000694449,5932.0,7.139919083,0.332602832,1.491523823,0.0,5.69E-05,0.523263655
274,562885.5224,United States,Senate,87.0,0.597934974,0.003,0.0,0.0,215.0,21.62790698,1.205882353,0.437209302,0.080430108,2.470353303,1426.0,3.260869565,0.617110799,1.267096774,0.073632539,0.000154561,0.061009818
372,241087.973,United States,Senate,14.0,0.010790187,0.04,2.81e-06,0.0,215.0,3.027906977,1.855263158,0.572093023,0.110599078,3.396971692,212.0,3.070754717,0.146226415,1.161290323,0.094339623,5.81E-05,0.066037736
93,5546240.024,United States,Balance of Power,512.0,0.280284324,0.602,-0.003995507,4.0,194.0,93.46907216,1.635610465,0.902061856,0.363756687,10.08125675,3478.0,5.213628522,0.423806786,1.616555451,0.174238068,9.23E-05,0.147211041
31,21222938.68,Germany,Parliamentary,3252.0,2.17e-16,0.0,0.0,0.0,68.0,280.7941176,1.387048381,1.044117647,0.022363046,0.217241018,5696.0,3.352176966,0.655898876,1.412590343,0.033532303,0.00015323,0.570926966
205,1040397.243,United States,Presidential,7.0,0.300048859,0.006,0.002,0.0,221.0,17.28054299,1.121666667,0.34841629,0.563236449,17.78217933,948.0,4.028481013,0.580168776,1.53207646,0.323839662,6.73E-06,0.007383966
381,224269.2902,United States,Presidential,3.0,0.530327664,0.130999999,-0.01,0.0,221.0,6.384615385,2.563131313,0.280542986,0.627214741,19.8020654,544.0,2.59375,0.415441176,1.425230333,0.577205882,1.34E-05,0.005514706
393,211102.2592,United States,Senate,4.0,0.327296035,0.05,-0.012,0.0,206.0,1.237864078,1.965116279,0.305825243,0.243137255,7.155182073,95.0,2.684210526,0.115789474,1.160784314,0.084210526,1.89E-05,0.042105263
281,522450.49,Other Countries,Parliamentary,182.0,0.012655256,0.051,0.031,0.0,1.0,1288.0,2.196029777,31.0,0.551242236,0.551242236,356.0,3.617977528,0.174157303,1.292701863,0.47752809,0.000348358,0.511235955
159,1887165.57,United States,Vice Presidential,94.0,0.38659858,0.092227518,-0.031,0.0,60.0,34.18333333,1.938395415,1.116666667,0.327645051,2.808386153,367.0,5.588555858,0.128065395,1.559239395,0.286103542,4.98E-05,0.25613079
110,4469545.407,United States,Presidential,112.0,0.660844838,0.003,0.0,0.0,230.0,45.21304348,1.112759041,0.517391304,0.049812482,1.636695836,2949.0,3.526280095,0.735503561,1.307144918,0.067141404,2.51E-05,0.037978976
379,227456.167,United States,Presidential,11.0,0.002080736,0.011,-3.6e-05,0.0,221.0,27.6561086,1.182857143,0.624434389,0.302519634,9.550977001,2290.0,2.668995633,0.191703057,1.203697644,0.397816594,4.84E-05,0.004803493
103,4982822.834,United States,Senate,1942.0,1.064252645,0.019,0.012772371,0.0,215.0,45.7627907,1.130114743,0.488372093,0.391096656,12.01225444,2431.0,4.047305636,0.563965446,1.398414473,0.210612916,0.000389739,0.798848211
469,134062.45,Other Countries,Prime Minister,38.0,0.016072581,0.049,0.035,0.0,10.0,35.0,2.070175439,3.1,0.96,1.371428571,61.0,5.737704918,0.229508197,1.211428571,0.885245902,0.00028345,0.62295082
468,135002.6764,Germany,Regional Election,258.0,0.18894765,0.909999728,0.2,2.0,3.0,256.6666667,2.392070485,2.333333333,1.0,1.0,217.0,3.548387097,0.105990783,1.268831169,1.0,0.001911073,1.188940092
123,3406977.145,United States,Presidential,422.0,0.450904445,0.002,0.0,0.0,239.0,45.74476987,1.128284991,0.610878661,0.182109211,6.217728764,3212.0,3.403798257,0.710772105,1.311442422,0.175280199,0.000123863,0.131382316
401,199550.4499,United States,Presidential,4.0,0.002344275,0.01,0.00513053,0.0,221.0,5.180995475,1.425847458,0.547511312,0.122270742,3.860262009,374.0,3.061497326,0.203208556,1.216593886,0.171122995,2.00E-05,0.010695187
247,686243.5988,United States,Senate,43.0,0.105991309,0.07,0.0,0.0,215.0,5.260465116,2.231428571,0.586046512,0.180371353,5.539977264,311.0,3.636655949,0.247588424,1.251105217,0.189710611,6.27E-05,0.138263666
121,3486918.151,United States,Presidential,140.0,0.041756452,0.87,0.010000001,6.0,230.0,34.28695652,1.881256851,0.7,0.447628709,14.70780044,3126.0,2.522712732,0.122520793,1.27555161,0.498080614,4.02E-05,0.044785669
